id,Title,Cities
6926,Wildflower Homes,Airdrie
8896,Eagle Woods,Ajax
8806,Enclave Towns,Ajax
8560,Hilltop Towns,Ajax
8542,Hunters Crossing Ajax,Ajax
8421,Lake Pointe Condos,Ajax
8400,Lakewalk Towns,Ajax
8398,Lakewind,Ajax
8278,Marquis Towns,Ajax
6751,Paradise Beach Homes,Ajax
7180,Towne Manors,Ajax
9247,Banting Square,Alliston
6695,The Bluffs at Huron,Ashfield-Colborne-Wawanosh
9370,Adena Views,Aurora
9278,AURORA BUSINESS CENTRE,Aurora
9276,Aurora Glen Townhomes,Aurora
9274,Aurora Hills,Aurora
9272,Aurora Mills Business Park,Aurora
8588,High Park Urban Towns,Aurora
8386,Le Triomphe Condos,Aurora
8376,Leslie Towns On The Park,Aurora
8195,Monteverdi Estates,Aurora
7840,River Ridge Aurora,Aurora
7838,River Ridge On The Valley,Aurora
7808,Royal Hill,Aurora
7747,Shining Hill,Aurora
7739,Silhouette Towns,Aurora
7466,The Enclave at Aurora Glen,Aurora
6908,WoodHaven Aurora,Aurora
9545,430 ESSA Condos,Barrie
9286,Aspen Woods,Barrie
9221,BEA Towns,Barrie
9217,Bear Creek Ridge,Barrie
9192,Bistro 6 Fennel Condos,Barrie
8944,Debut Condos,Barrie
8796,Essa Towns,Barrie
58309,Four10 Yonge Towns,Barrie
8719,Friday Harbour,Barrie
8664,GO Towns,Barrie
8548,Horseshoe Residences,Barrie
8404,Lakevu Condos,Barrie
8402,LakeVu Condos 2,Barrie
6638,LakeVu Condos 3,Barrie
8304,Mapleview Park,Barrie
8250,Midhurst Valley Towns,Barrie
7890,Rainwater at 339 Veterans,Barrie
7764,Sean Final Phase,Barrie
25349,South Barrie Homes,Barrie
30021,South Barrie Towns,Barrie
7693,South District Condos,Barrie
7588,Terra Barrie Towns,Barrie
7388,The Landing at Little Lake Condo,Barrie
7312,The Residences at Five Points,Barrie
7308,The Residences on Owen,Barrie
7186,Touchstone on Lake Muskoka,Barrie
6745,Vicinity Homes,Barrie
52716,Vicinity West Homes,Barrie
7934,Porta Condos,Belleville
9324,Aquavil Condos,Blue Mountain
9172,Blumont,Blue Mountain
6918,Windfall at Blue Mountain,Blue Mountain
9519,50 Ann Condo,Bolton
9337,Appleview Towns,Bowmanville
8205,MODO 51,Bowmanville
8203,MODO 55 Condos,Bowmanville
8035,Orchard East,Bowmanville
7046,Utopia Condos,Bowmanville
7068,Upper Vista Muskoka,Bracebridge
7066,Upper Vista Muskoka Condos,Bracebridge
6932,White Pines Homes,Bracebridge
9166,Bondhead Towns,Bradford
8558,Holland Haus,Bradford
31326,Summerlyn Village Homes,Bradford
7572,The Ambrose Condos,Bradford
7129,Twin Regency,Bradford
51436,Amira Estates Homes,Brampton
23927,Arbor West Homes,Brampton
9146,Bridle Trail Urban Towns,Brampton
9140,Bristol Place Condos,Brampton
6730,Castlemore Crossing Homes,Brampton
9047,Chinguacousy Heights,Brampton
9039,CityPointe Heights,Brampton
8958,Daniels MPV 2 Condos,Brampton
8956,Daniels MPV Condos,Brampton
8952,Daniels Sunny Meadow,Brampton
46617,Dixie Inspire Industrial Condos,Brampton
8900,Duo Condos,Brampton
8868,Edgewood Greens,Brampton
8606,HEART LAKE VILLAGE,Brampton
8604,Heartlake Industrial Condominiums,Brampton
52125,Honeystone Towns,Brampton
8310,Manors of Claireville,Brampton
8268,Maya Urban Towns,Brampton
8191,MontVert Condos,Brampton
8182,Mount Pleasant,Brampton
6839,Mount Pleasant North,Brampton
8063,Olivia Marie Gardens,Brampton
8061,OMG 2 Condos,Brampton
8031,Origins,Brampton
7906,Queen\u2019s Court Towns,Brampton
7904,Queens Lane,Brampton
7854,Ridgehill Towns,Brampton
7816,Rosewood Urban Towns,Brampton
7681,SouthSide Towns,Brampton
7673,Spring Valley,Brampton
7649,Stella at Southside Condos,Brampton
58880,The Bright Side at Mayfield Village,Brampton
59185,The Castle Mile Homes,Brampton
6683,The Crescents Homes,Brampton
7290,The Sandalwood,Brampton
7264,The Towns at Goreway Pines,Brampton
7056,UPtowns at Heartlake Condos,Brampton
6950,Westfield,Brampton
6623,Expressions Towns at Simply Grand,Brant
62149,Riverbank Estates Homes,Brant
7830,Riverside Towns,Brant
37096,Seasons at Simply Grand Homes,Brant
37072,Solstice at Simply Grand Towns,Brant
9158,Brant West Homes,Brantford
9156,Brantview Heights Phase 2,Brantford
29853,Electric Grand Towns,Brantford
51237,Empire Wyndfield Towns,Brantford
8652,Grand Bell Suites,Brantford
8644,GrandBell Commercial,Brantford
6759,Nature\u2019s Grand Homes,Brantford
7979,ParQ Towns,Brantford
7741,Sienna Woods Towns,Brantford
6636,West Brant Heights Towns,Brantford
49624,1989 Condos,Burlington
9577,35 Plains Road Condos,Burlington
9368,Affinity East Condos,Burlington
9213,BeauSoleil Condos,Burlington
8739,Forrest Grove Condos,Burlington
8670,Glendor Towns,Burlington
8360,Link 2 Condo and Loft,Burlington
8276,Martha James Condominiums,Burlington
29909,Millcroft Grove Homes,Burlington
8235,Millcroft Towns,Burlington
8150,Nautique Lakefront Residences,Burlington
6833,Northshore Condos,Burlington
7984,Parkview Lakefront Residences,Burlington
7884,Realm Condos,Burlington
7651,Station West Towns,Burlington
7044,Valera Condos,Burlington
59849,Calabogie Peaks Condos,Calabogie
9270,Avant Urban Towns,Caledon
9150,Briarfields Homes,Caledon
9114,Caledon Club,Caledon
9112,Caledon Towns,Caledon
61052,Castles of Caledon Homes,Caledon
8842,Ellis Lane Homes,Caledon
33693,Highlands Caledon East Homes,Caledon
25320,Livello Towns,Caledon
8266,Mayfield Collection Towns,Caledon
6688,Mayfield Village Towns,Caledon
7977,Pathways Caledon East,Caledon
6742,The Social Urban Towns,Caledon
61612,Upper Caledon East Homes,Caledon
7072,Upper Valleylands,Caledon
56917,Beautiful Freehold Townhome Assignment for Sale in Caledonia,Caledonia
8832,Empire Avalon,Caledonia
7662,St. Clair Village Towns,Caledonia
9380,Aberdeen Towns,CALGARY
6634,Autumn at University District Condos,CALGARY
9249,Bankview 1914 Condos,CALGARY
34482,Belvedere Rise Condos,CALGARY
6849,Briarfield Towns,CALGARY
9126,BTYYC Condos,CALGARY
29275,Carrington Street Towns,CALGARY
9086,Cavallo Condos at Cityscape,CALGARY
6843,Chelsea Chestermere,CALGARY
57278,Clover in Carrington Condos,CALGARY
6619,CornerView Townhomes,CALGARY
6845,Crimson Ridge,CALGARY
6724,East Hills Crossing,CALGARY
8802,Era Condos Calgary,CALGARY
6851,First and Park Condos,CALGARY
8717,Frontier Kensington Condos,CALGARY
8705,Gallery Condos,CALGARY
8618,Harlow Wolf Willow Condos,CALGARY
6821,Hazelwood Condos,CALGARY
6811,Horizon Condos,CALGARY
8532,Huxley Towns,CALGARY
6763,Imperia Condos,CALGARY
28473,Legacy Park Encore Condos,CALGARY
8378,Legends of Cornerstone,CALGARY
51420,Lincoln Tower Condos,CALGARY
8350,Lockwood Chelsea Condos & Towns,CALGARY
8274,Maverick at Livingston Condos,CALGARY
8252,Metroside Condos,CALGARY
29887,MYNE Condos,CALGARY
33227,Novella 2 Townhomes,CALGARY
8097,NUDE Condos,CALGARY
7990,Park South Condos 2,CALGARY
7942,Plaza West District Condos,CALGARY
6679,Quesnay at Currie Condos,CALGARY
6847,Rangeview Street Towns,CALGARY
7780,Sandgate Condos,CALGARY
30836,Seton 116 Townhouse,CALGARY
7723,Skyview North Condos,CALGARY
7707,SOLA in Calgary,CALGARY
7679,Sovereign Condos,CALGARY
7568,The Annex Condos,CALGARY
7566,The Arthur Condos,CALGARY
7517,The Castello in Cornerbrook Condos,CALGARY
7436,The Gateway Condos,CALGARY
7356,The Mondrian Condos,CALGARY
7270,The Theodore Condos,CALGARY
7024,Vertos Towns,CALGARY
6841,Walden,CALGARY
55661,Yorkville Homes,CALGARY
9190,Black Walnut Urban Town,Cambridge
8991,Creekside Trail Towns,Cambridge
8646,Grand River Woods,Cambridge
8608,Hazel Glenn Towns,Cambridge
48054,Moffat Creek Townhomes,Cambridge
7687,Southpoint Homes,Cambridge
7551,The Birches Towns,Cambridge
7440,The Gaslight District,Cambridge
55815,The Marquis Collection Towns,Cambridge
7048,URBN CAMBRIDGE CONDOS and TOWNS,Cambridge
6809,Westwood Village Homes,Cambridge
6644,Westwood Village Preserve Homes,Cambridge
6853,Zen Towns,Cambridge
6681,Bromley Gardens Homes,Catharines
6795,Lot 16 Towns,Catharines>Catharines
8584,High Valley Estates Homes,Cayuga
42629,Elora Mill Condominiums,Centre Wellington
7621,Sunnidale Homes,Clearview
9031,Cobie Towns,Cobourg
9029,Cobourg Trails,Cobourg
56859,Collingwood Quay Condos,Collingwood
8520,Indigo Estates Collingwood,Collingwood
8201,Monaco Condos,Collingwood
7804,Royal Windsor at Balmoral Village,Collingwood
7625,Summit View,Collingwood
7240,The View at Blue Fairway,Collingwood
53442,Courtice Glen Homes,Courtice
6706,Meadow Towns,Courtice
6675,The Vale Towns,Courtice
53323,The Willows Homes,Courtice
60250,Creemore Condos,Creemore
7531,The Brix,Creemore
7529,The Brix Condos 2,Creemore
8562,Hillsborough Homes,East Gwillimbury
8554,Hometown Hillsdale,Elmvale
6720,FIELDSTONE TOWNS,Elora
8800,Erin Glen,Erin
35666,Heartland Homes,Essa
9754,1048 Islington Avenue Condos,Etobicoke
9676,2 The East Mall Crescent Condos,Etobicoke
9575,351 Royal York Road Condos,Etobicoke
9551,4195 Dundas Street West Condos,Etobicoke
9523,4HUNDRED EAST MALL Stacked Town Homes,Etobicoke
23940,Arcadia District Condos,Etobicoke
9178,Bloor Promenade Condos,Etobicoke
9084,CAVO Condos,Etobicoke
8881,Eau Du Soleil,Etobicoke
8877,Edenbridge Kingsway Condos,Etobicoke
8812,Empire Phoenix Phase 2 Condo,Etobicoke
8788,EVERMORE AT WEST VILLAGE CONDOS,Etobicoke
8676,Glen Agar,Etobicoke
8417,Lakeshore Village,Etobicoke
8111,Notting Hill Condos,Etobicoke
7988,Park Terraces at Valhalla Town,Etobicoke
7876,Reina Condos,Etobicoke
7856,Richview Square Condos,Etobicoke
7653,Station Square + Park Lawn Gardens,Etobicoke
7525,The Buckingham at Grand Central Mimico Condos,Etobicoke
7394,The Kip District Phase 2,Etobicoke
7040,Valhalla South Tower,Etobicoke
7038,Valhalla Town Square Condos,Etobicoke
7028,Verge Condos,Etobicoke
7026,Verge Condos 2,Etobicoke
7002,Vita 2 On the lake,Etobicoke
6964,West Six,Etobicoke
6954,Westerly Condos,Etobicoke
6952,Westerly Condos 2,Etobicoke
25351,Westshore at Long Branch Towns,Etobicoke
6801,Kipling Station Condos,Etobicoke|Toronto
61924,Belwood Estates,Fergus
7641,Storybrook,Fergus
6617,Sunrise Grove Towns,Fergus
6642,Alliston Woods Homes,Fort Erie
37588,Peace Bridge Village Homes,Fort Erie
9549,42 Mill Street Condos,GeorgeTown
8696,Garden View Towns,GeorgeTown
8264,McGibbon on Main,GeorgeTown
7507,The Chase,GeorgeTown
7364,The Mill Landing Condos,GeorgeTown
6777,Georgina Heights Homes,Georgina
7737,Simcoe Landing,Georgina
7735,Simcoe Landing Towns,Georgina
6910,Woodbury Trails,Georgina
30520,Huron Haven Village Homes,Goderich
8083,Oakridge Green Towns,Gormley
8170,Muskoka Bay Resort,Gravenhurst
9066,Century Condos,Grimsby
8071,Odyssey Condominiums,Grimsby
37843,Alister Towns at Solterra,Guelph
55892,Argyle Village Towns,Guelph
9211,Beechwood Collection,Guelph
8938,Deerpath Towns,Guelph
8700,Gallery Towns,Guelph
6718,Marquis Modern Towns,Guelph
38071,Northside Towns,Guelph
7878,Reign Condo,Guelph
7703,Solterra Towns,Guelph
7697,Sora at the Glade Towns,Guelph
7496,The Copper Club at The Metalworks,Guelph
7432,The Glade Towns,Guelph
7366,The Metalworks,Guelph
6966,West Peak Condos,Guelph
9349,Anchor Woods Homes,Gwillimbury
8997,Creekside at Sharon Village,Gwillimbury
8552,Hometown Sharon Village,Gwillimbury
7464,The Enclave at Sharon Village Towns,Gwillimbury
8824,Empire Livingston,Hagersville
7167,Trailside,Haldimand
58296,Juniper Gate Homes,Halton Hills
7171,Trafalgar Meadows Towns,Halton Hills
9769,1 Jarvis Street Condos,Hamilton
6755,1107 Main Condos,Hamilton
9459,75 James Condos,Hamilton
9339,APEX Condominiums,Hamilton
9215,Beasley Park Condos,Hamilton
9198,Binbrook Heights,Hamilton
55755,Cachet Binbrook Homes,Hamilton
9090,Casa Di Torre,Hamilton
8660,Gore Park Lofts,Hamilton
8654,Grand Bell 2,Hamilton
8620,HarbourLife Condos,Hamilton
8598,Heritage Gate,Hamilton
6807,Heritage Gate Towns,Hamilton
8592,HG Condos,Hamilton
8433,Kiwi Condo,Hamilton
8356,LJM Landing Condos,Hamilton
8354,LJM Queenston Condos,Hamilton
8352,LJM Tower,Hamilton
58087,Luma Urban Towns at Kaleidoscope,Hamilton
8258,Meadowlands of Ancaster,Hamilton
9118,Mount Hope Towns,Hamilton
8174,Muse Condos,Hamilton
8053,On The Ridge Towns,Hamilton
41078,Pier 8 Condos,Hamilton
7894,Radio Arts Condos,Hamilton
7880,Redhill Towns,Hamilton
7595,Television City Condos,Hamilton
7593,Television City Condos 2,Hamilton
7574,The 77 Condos,Hamilton
7539,The Boutique Collection at Trend Living,Hamilton
7478,The Design District Condos,Hamilton
6621,The Rebecca Condos,Hamilton
7262,The Towns at Sapphire,Hamilton
7155,Trend Living Condo,Hamilton
6982,Waterfront Shores,Hamilton
6948,Westgate on Main Condos,Hamilton
48619,Crescent Bay Condos,Huntsville
8940,Deerhurst Lakeside Lodge,Huntsville
8410,Lakeside Muskoka,Huntsville
37925,Muskoka Forest Homes,Huntsville
8115,Northern Lights Muskoka,Huntsville
7157,Treetops at Hidden Valley,Huntsville
8680,Gilford Estates Homes,INNISFIL
32465,Lakehaven Homes,INNISFIL
59592,Lakewynds Towns,INNISFIL
61479,Simcoe Woods Homes,INNISFIL
7619,Sunseeker Condos at Friday Harbour,INNISFIL
7492,The Cove at Belle Aire Shores,INNISFIL
7234,The Villages of Killarney Beach,INNISFIL
6856,Zancor Cookstown,INNISFIL
31193,Grace and Grand Towns,Kawartha Lakes
6827,Iris Grove Towns,Kawartha Lakes
6686,Eversley Estates Homes,King City
33928,Fifth Avenue Homes King City,King City
6648,King Heights Residences,King City
8453,King Terraces Condos,King City
7310,The Residences of Spring Hill,King City
7143,Triple Crown Estates,King City
8981,Crown Condos,Kingstone
8338,Loyalist Country Club,Kingstone
7792,Sage Kingston Condos,Kingstone
7790,Sage Prestige Condos,Kingstone
6837,The District on Gardiners Condos,Kingstone
9245,Barra on Queen,Kitchener
8973,DANIELS CITY CENTRE CONDOS,Kitchener
8920,Doon West Towns,Kitchener
8912,DTK Commercial,Kitchener
8910,DTK Condos,Kitchener
8902,DUO at Station Park Condos,Kitchener
8860,Elevate Condos,Kitchener
38072,Harvest Park Homes,Kitchener
8538,Huron Village,Kitchener
8536,Huron Woods,Kitchener
8534,Hush Flats,Kitchener
58271,NOMI Urban Towns,Kitchener
8021,Otis in the Park,Kitchener
26930,Pioneer Park Towns,Kitchener
7916,Q Condos,Kitchener
7597,TEK Tower Kitchener,Kitchener
7533,The Bright Building,Kitchener
7456,The Flats at Rainbow Lake,Kitchener
7137,Trussler West Homes,Kitchener
7050,Urban Woods,Kitchener
7030,Verde Living Condos,Kitchener
6998,Viva Towns,Kitchener
6988,Wallaceton Homes,Kitchener
6986,Wallaceton Towns,Kitchener
25348,Williamsburg Green Homes,Kitchener
6896,Wynstone and Hillcrest at Lackner Ridge,Kitchener
6860,Young Condos,Kitchener
55976,Benchmark Towns at Vista Ridge,Lincoln
8358,LJM Harbourfront Condominium,Lincoln
7004,Vista Ridge Towns,Lincoln
36876,Woodview On Vista Ridge Homes,Lincoln
8764,Fenelon Lakes Club,Lindsay
6702,Hygge Towns,Lindsay
8186,Morningside Trail Towns,Lindsay
7627,Sugarwood Towns,Lindsay
25820,Aria Towns,London
7709,Society Condo Residences,London
7672,Springbank Lux,London
29865,Centre Point South Towns,Markdale
6771,46 on Main Condos,Markham
9448,8 Cedarland Condos,Markham
9345,Angus Glen South Village Homes,Markham
9098,Canvas on the Rouge Condos,Markham
9088,CATHEDRAL TOWN,Markham
9009,Cornell Rouge Towns,Markham
8790,EverHome Markham,Markham
8702,Gallery Towers,Markham
6767,Highgrove Homes,Markham
8574,Highmount Condos,Markham
8502,Jade Garden at Cornell,Markham
8491,Joy Station Condos,Markham
31451,Joy Station Towns,Markham
8477,Kennedy Manor Townhomes,Markham
8298,Margo Condo,Markham
51398,Markham Central Square Commercial,Markham
8292,Markham Estates,Markham
8290,Markham GOLD Towns,Markham
8288,Markham Mills Towns,Markham
8286,Markham Square Condos,Markham
8237,Mill Street Towns,Markham
8223,Minu Towns,Markham
8156,Nao Towns,Markham
8059,On The Mark,Markham
8057,On The Mark Towns- Phase 2,Markham
30104,Orchid Square Towns,Markham
8033,Origin Lofts,Markham
8019,Otto 101,Markham
8014,Panda Markham Condos,Markham
37705,Park & Main Towns,Markham
7975,Pavilia Park Towns,Markham
7973,Pavilia Towers Condominiums,Markham
6775,QUI Modern Towns,Markham
7868,Retail Condos at The Vanguard,Markham
7826,Riverview Condos,Markham
7810,Royal Bayview Condos,Markham
28721,Royal Victoria Towns,Markham
7717,Smart Towns,Markham
7695,South Cornell Towns,Markham
7670,Springwater Markham,Markham
6700,Terrace Park Towns,Markham
7576,The 6th Angus Glen,Markham
7500,The Condominiums of Cornell,Markham
7416,The Hart Haus Condominiums,Markham
7372,The Markdale Towns,Markham
7250,The Unionville Condos,Markham
7244,THE VANGUARD,Markham
7153,Trendi Towns,Markham
7111,Union Village,Markham
7109,Union Village Towns 2,Markham
7107,UnionCity Condos,Markham
7105,Unionglen Towns,Markham
61557,Unionville Homes Upper East Side,Markham
7074,Upper Unionville,Markham
7036,Valleymede Towers,Markham
8686,Georgian Bay Harbour Condos,Meaford
8684,Georgian Bay Terrace,Meaford
9237,Bay Port Resort,Midland
9706,16 Mile Creek,Milton
9310,Art on Main,Milton
9021,Connectt Condos 2,Milton
9019,Connectt Milton Modern Living,Milton
8995,Creekside Condos,Milton
23913,Hawthorne East Village Homes,Milton
8610,Hawthorne South Village,Milton
8495,Jasper Village Towns,Milton
8479,Kennedy Circle Condos,Milton
8241,Mile and Creek Condos,Milton
42519,Mile and Creek Condos 3,Milton
30745,Milton Village Homes,Milton
8168,MV1 Condos,Milton
8012,Panorama Towns,Milton
7798,Saddle Ridge Towns,Milton
7705,Soleil Condos,Milton
32082,Soleil Homes,Milton
31603,Stationside Condos,Milton
7490,The Crawford Urban Towns,Milton
56518,Thompson Towers 2,Milton
9674,20\/Twenty Towns,Mississauga
9396,91 Eglinton Ave East Condos,Mississauga
9378,Above Condos,Mississauga
9363,Alba Condos,Mississauga
9353,AMBER AT PINNACLE UPTOWN,Mississauga
9335,Applewood Towns,Mississauga
9326,Aquanova Condos,Mississauga
9320,Aquazul Condos Phase 2,Mississauga
9318,Arc Condominiums,Mississauga
9306,Arte Residences,Mississauga
9304,Artform Condos,Mississauga
9302,Artisan Towns,Mississauga
9265,Avia Condos 2,Mississauga
9263,Avia Condos Parkside Village,Mississauga
6761,Bridge House at Brightwater Condos,Mississauga
9144,Brightwater Condos and Towns,Mississauga
9102,Canopy Towers,Mississauga
25318,Canopy Towers 2,Mississauga
9049,Cherry Lane Towns,Mississauga
8987,Crestview Manors,Mississauga
8934,Dellwood Park Townhome,Mississauga
8873,Edge Tower 2,Mississauga
8871,Edge Towers Condos,Mississauga
8848,Elle Condo,Mississauga
8838,Elmwood Towns,Mississauga
6829,Emerson House Condos,Mississauga
6829,Emerson House Condos,Mississauga
8792,EV Royale condo,Mississauga
8784,Exchange District Condo,Mississauga
8782,Exchange District Condos 2,Mississauga
8780,Exchange District Condos 3,Mississauga
8778,Exchange Signature Residences,Mississauga
26814,Exhale Condos,Mississauga
8690,GEMMA Condos,Mississauga
8642,Grande Mirage,Mississauga
8406,Harbourwalk at Lakeview Village Condos,Mississauga
50050,High Line Condos,Mississauga
30767,Highgrove II Towns,Mississauga
8471,Keystone Condos,Mississauga
8469,Keystone Condos Phase 2,Mississauga
8467,Kindred Condominiums,Mississauga
6749,Kith Condos,Mississauga
8408,Lakeview DXE Club,Mississauga
8334,M City Condos,Mississauga
8332,M City Condos 3,Mississauga
8330,M City Condos Phase 2,Mississauga
8318,M4 Condos,Mississauga
8316,M5 Condos,Mississauga
6650,M6 Condos,Mississauga
8233,Mills Square Condos,Mississauga
8219,MISSISSAUGA SQUARE,Mississauga
8211,Mod Townes,Mississauga
8166,MW Condos,Mississauga
8136,NOLA Condos & Towns,Mississauga
8025,Oro at Edge Towers,Mississauga
8006,Parc Town,Mississauga
7966,Perla Towers Pinnacle Uptown,Mississauga
7900,Queensway East,Mississauga
7886,Ravines on Main,Mississauga
7870,Residences of Gordon Woods Condos,Mississauga
7852,Rise at Stride Condos,Mississauga
7800,S2 Stonebrook Condo,Mississauga
7753,Seven Sixty Lakeview Terrace,Mississauga
29907,Southlands Condos at Exchange District,Mississauga
7637,Streetsville Centre,Mississauga
7635,Stride Condos & Towns,Mississauga
7605,Tanu Condos,Mississauga
7506,The Clarkson Urban Towns,Mississauga
7370,The Mason At Brightwater,Mississauga
7350,The Nine Towns,Mississauga
7322,The Ravine Estates,Mississauga
7278,The Summit Collection Phase III,Mississauga
29900,The Way Commercial,Mississauga
7226,The Way Urban Towns,Mississauga
7224,The Way Urban Towns Phase 2,Mississauga
7219,The Wesley Tower,Mississauga
7135,Tuxedo Park Towns,Mississauga
7034,Vellore Crescent Towns,Mississauga
6994,VOYA Condos,Mississauga
6992,Voya Condos 2,Mississauga
6962,West Village Port Credit Condos,Mississauga
6938,Westport Condos,Mississauga
6928,Whitehorn Woods Towns,Mississauga
9767,1 Square Phillips Condos,Montreal
9481,628 Saint-Jacques Condos,Montreal
9078,CentraCondos 1000 rue de la Montagne,Montreal
6813,Grace Condos,Montreal
8388,Le Sherbrooke Condos,Montreal
8308,Mansfield Condos,Montreal
7896,Quinzecent Condos,Montreal
7184,Tour des Canadiens 3,Montreal
7018,Victoria Sur Le Parc,Montreal
6858,YUL Condos,Montreal
8682,Gibbard District,Napanee
28719,Riverbend Brownstones Towns,New Hamburg
6781,Honey Hill Homes,New Tecumseth
9209,Belmont Towns,Newcastle
8879,Eden Park Clarington,Newcastle
6698,Gracefields Redux 3,Newcastle
7938,Port of Newcastle Harbourview Condos,Newcastle
9312,Aria Homes,NewMarket
8850,Elia Collection Towns,NewMarket
8798,ESPRIT Newmarket,NewMarket
8668,Glenway Urban Towns,NewMarket
8459,King George School Lofts & Town Homes,NewMarket
8443,Kingsley Square 2,NewMarket
8441,Kingsley Square Condos,NewMarket
7580,The 11 on Charles Towns,NewMarket
7484,The Davis Condos,NewMarket
8826,Empire Imagine,Niagara Falls
29861,Joy Towns Niagara,Niagara Falls
8302,Marbella Condominium,Niagara Falls
8300,Marbella Condos Phase 2,Niagara Falls
8103,Novel Stacked Townhomes,Niagara Falls
28723,Parkside39 Towns,Niagara Falls
7824,Riverwalk Niagara Falls,Niagara Falls
7820,Rolling Meadows,Niagara Falls
7719,Smart Townes 3,Niagara Falls
7675,Splendour Towns,Niagara Falls
7284,The Stanley District,Niagara Falls
7282,The Stanley District Tower,Niagara Falls
7070,Upper Vista Condos,Niagara Falls
59810,Zebra Condos,Niagara Falls
7494,The Corners of John and Victoria,Niagara-on-the-Lake
6747,Vineyard Square Towns,Niagara-on-the-Lake
8419,Lakeshore Pointe Condos,North Bay
9765,1 York Gate Boulevard Condos,North York
9708,1580 Avenue Road Retails,North York
9698,1670 Avenue Road Condos,North York
9690,181 East Condos,North York
9630,2500 Don Mills Road Condos,North York
9624,26 Greenbriar Road Condos,North York
9596,31 Finch Avenue East Condo,North York
9501,53 Sheppard Avenue West Condos,North York
29821,6080 Yonge Condos,North York
9467,7 Rochefort Drive Condos,North York
29818,95 Corporate Centre,North York
9372,Addington Park Condos,North York
9261,Avro Condominiums,North York
9219,Beacon Condos,North York
9168,Bogert Condos,North York
9116,Cactus and Steeles Condos,North York
58304,Club 285 Condos,North York
8916,Downsview Park Towns,North York
33917,E11even Altamont Towns,North York
8776,Express 2 Condos,North York
8766,Fairview Mall Redevelopment,North York
8672,Glen Hill Condos,North York
8634,Greenwich Village,North York
8600,Hendon Park Towns,North York
8475,Kenneth & Holmes Urban Townhomes,North York
8390,Lawrence Hill Towns,North York
6819,LSQ Condos,North York
29840,LSQ2 Condos,North York
8336,Lumina at Emerald City,North York
8324,M2M Condos,North York
8320,M2M Squared Condos,North York
8284,Marla On The Park Condos,North York
8254,Metro Park Condos,North York
56126,Montaje Condos,North York
8117,NorthCore Condos,North York
6831,Olive Residences,North York
7971,Pearl 2 Condos,North York
7970,Pearl Place Condos,North York
7944,Plaza On Yonge Condos,North York
7822,Rodeo Drive Condos,North York
7786,Saisons Condos,North York
7731,SIX99 Condos,North York
7558,The Belmont Residences,North York
7470,The Dylan Condos,North York
7400,The Keeley Condos,North York
7332,The Point at Emerald City,North York
7324,The Ravine Condos,North York
7314,The Residences at Central Park,North York
7304,The Riverside Residences,North York
7242,The Vic Towns,North York
58492,The Wedgewood on Yonge Condos,North York
38144,Thirty Tretti Retail,North York
59444,Townhomes At Crosstown,North York
6924,Willowdale Heights,North York
6922,Wilson West Condos,North York
6916,WINLOCK TOWNS at Bayview,North York
6872,Yonge City Square Condos,North York
6862,Yorkwoods Condos,North York
32889,Lily at Crosstown Condos,North York|Toronto
9738,121 East Towns,Oakville
9704,160 Trafalgar,Oakville
9483,627 Lyons Lane Condos,Oakville
9184,Block 55 Townhomes,Oakville
9160,Bower Condos on The Preserve,Oakville
6791,Carding House Condos,Oakville
6835,Clockwork Condos,Oakville
25825,ClockWork Condos 3,Oakville
8993,Creekside Towns,Oakville
8926,Distrikt Trailside Condos,Oakville
8924,Distrikt Trailside Condos 2,Oakville
8904,DunWest Condos,Oakville
25308,Gemini 2 Condos,Oakville
8692,Gemini Condos,Oakville
8674,Glen Ashton Estates,Oakville
8624,Harbour Place Towns,Oakville
47605,Ivy Rouge Homes,Oakville
8229,Minto Oakvillage,Oakville
8127,North Oak Condos,Oakville
8125,North Oak Condos 2,Oakville
8123,North Oak Condos 3,Oakville
8094,Nuvo 2 Condos,Oakville
8092,Nuvo Condos,Oakville
8090,Oak & Co. Condos,Oakville
6726,Oakbrook Towns,Oakville
31321,Oakpointe Townhouse,Oakville
8079,Oakville Ravine Towns,Oakville
8077,Oakville Yards Condos,Oakville
7930,Preserve West,Oakville
7892,RAIN & SENSES CONDOS,Oakville
7745,Shore Club towns,Oakville
7537,The Branch Condos,Oakville
7527,The Bronte Condos,Oakville
7523,The Butler Condos,Oakville
7480,The Deane Condos,Oakville
7422,The Greenwich Condos at Oakvillage,Oakville
7348,The Oakes,Oakville
7330,The Post Condos,Oakville
7326,The Randall Residences,Oakville
7316,The Residences at Bronte Lakeside Condo,Oakville
7288,The Saw Whet Condos,Oakville
7254,The Treasury Town,Oakville
7211,The Wilmot Condos,Oakville
38201,Three Oaks Business Center,Oakville
7169,Trafalgar Ridge,Oakville
7078,Upper Glen Abbey West,Oakville
30010,Upper Joshua Creek Towns,Oakville
7062,Upper West Side Condos,Oakville
7060,Upper West Side Condos 2,Oakville
29628,Views on the Preserve Condos,Oakville
6960,West&Post,Oakville
6920,Windermere Manor Condos,Oakville
8922,Distrikt Trailside Towns,Oakville|Toronto
29513,Babcock Mills Homes,Odessa
8027,Orillia Fresh,Orillia
6626,Sunshine Harbour Towns,Orillia
8894,Eagles Rest Estates,Oro-Medonte
8749,Forest Heights Estates,Oro-Medonte
9060,Charing Cross Condominiums,Oshawa
8914,Dreamscape,Oshawa
8883,Eastmore Village,Oshawa
6765,Grand Ridge North,Oshawa
8638,Greenhill Townhomes,Oshawa
8616,Harmony Creek,Oshawa
8614,Harmony Gate,Oshawa
8514,Ironwood,Oshawa
8439,Kingsview Ridge,Oshawa
8207,Modern Towns at Kingsview Ridge,Oshawa
8197,Mondria Condos,Oshawa
8162,Nahid Harbour Condos,Oshawa
8067,OH! Townhome,Oshawa
53478,Park & Lake Homes,Oshawa
7992,Park Ridge,Oshawa
7609,Symphony Towns,Oshawa
7296,The Ross Towns,Oshawa
7294,The Ross Towns Phase 2,Oshawa
7190,Total Towns,Oshawa
7125,U.C. Tower 2,Oshawa
7123,U.C. Tower 3 Condos,Oshawa
7121,U.C. Tower Condos,Oshawa
7119,U.C. TOWNS PHASE 2,Oshawa
7117,U.C. Uptowns,Oshawa
7115,UC Towns,Oshawa
7090,University Studios Oshawa,Oshawa
6692,VIEWS Towns,Oshawa
8723,Fresh Towns,OTTAWA
8658,Gotham Ottawa Condos,OTTAWA
8497,James House Condos,OTTAWA
7715,SoBa Condos,OTTAWA
7713,SoBa Retail,OTTAWA
7498,The Conservancy Towns,OTTAWA
7452,The Founders Residences,OTTAWA
7286,The Spencer at Greystone Condos,OTTAWA
8002,Paris Riverside,Paris
7768,Scenic Ridge Homes,Paris
9259,Axess Condos,Pickering
9074,Central District Towns,Pickering
9035,Citywalk,Pickering
25345,Clarehaven Estates Homes,Pickering
8966,Daniels FirstHome Pickering,Pickering
8936,DeerView Heights Townhomes,Pickering
8751,FOREST DISTRICT HOME,Pickering
8727,Frenchman\u2019s Bay Towns 2,Pickering
8713,Galleria In The City,Pickering
6728,Greenwood Seaton Homes,Pickering
8294,Market District Urban Towns,Pickering
8270,Maxx Urban Towns,Pickering
8096,NuTowns,Pickering
7998,Park District Towns,Pickering
6654,Pickering City Centre Condos,Pickering
7784,San Francisco,Pickering
7782,San Francisco 2,Pickering
7760,SEATON TAUNTON,Pickering
6677,Seaton Townhomes,Pickering
23477,Seaton Whitevale,Pickering
7758,Seatonville Towns,Pickering
7751,SF3 Condominiums,Pickering
7424,The Grand at Universal City Condos,Pickering
7414,The Highmark Condos,Pickering
48057,Trails of Whitevale Towns,Pickering
7102,Universal City 3 Condos,Pickering
7100,Universal City 4,Pickering
7096,Universal City Condos 2,Pickering
7094,Universal City East,Pickering
6990,VuPoint Condos,Pickering
9174,Bluepoint Lookout Towns,Plympton-Wyoming
6803,Meadow Heights Homes,Port Colborne
58198,August Condos,Port Elgin
8594,Heron Hills Towns,Port Perry
9015,Cork & Vine Towns,Prince Edward
8412,Lakeside Landing Towns,Prince Edward
9410,8888 Yonge Street Condos,Richmond Hill
9132,Brushwood on Bathurst,Richmond Hill
58895,Burnet Condos at Rise & Rose,Richmond Hill
9108,Camden Crossing Towns,Richmond Hill
58236,Cartier Condos,Richmond Hill
8870,Edge Towns,Richmond Hill
59560,Fortune Villa Homes,Richmond Hill
8666,Go To Mackenzie Towns,Richmond Hill
8586,High Point Urban Towns,Richmond Hill
8461,King East Estates,Richmond Hill
8457,King Hill Homes,Richmond Hill
29856,Lake Wilcox Towns,Richmond Hill
25760,Legacy Hill Homes,Richmond Hill
8306,Maple Park Towns,Richmond Hill
8119,North on Bayview,Richmond Hill
8087,Oak Knoll,Richmond Hill
8081,OakRidge Meadows Homes,Richmond Hill
8073,Observatory Hill Homes,Richmond Hill
7882,Red Oaks Homes,Richmond Hill
7860,Richmond Hill Grace,Richmond Hill
7412,The Hill on Bayview Towns,Richmond Hill
7258,The Towns on Bayview,Richmond Hill
53409,Townsquare Towns,Richmond Hill
7084,Uplands of Swan Lake,Richmond Hill
6888,Y8700 Condos,Richmond Hill
6886,Y9825 Condos,Richmond Hill
6884,Y9929 Condos,Richmond Hill
6870,Yonge Parc 2 Condos,Richmond Hill
6868,YongeParc Condos,Richmond Hill
9736,1221 Markham Road Condos,Scarborough
9714,150 Clonmore Drive Condos,Scarborough
9656,2151 Kingston Road Condos,Scarborough
9626,2567 Eglinton Avenue East Condos,Scarborough
9618,2746 Kingston Road Condos,Scarborough
9614,2801 Kingston Rd,Scarborough
61120,2992 Sheppard Ave East Condos,Scarborough
9606,2993 Sheppard Ave East Condos,Scarborough
9587,3291 Kingston Road Condos,Scarborough
9579,3471 Sheppard Avenue East Condos,Scarborough
9547,4212 Kingston Road Condos,Scarborough
9541,4415 Sheppard Avenue East Condos,Scarborough
9367,Agincourt Mall Block 7,Scarborough
58208,Birchaus Residences,Scarborough
9196,Birchcliff Townhomes,Scarborough
9128,BT Towns,Scarborough
9100,Canvas Condos,Scarborough
9033,Clonmore Urban Towns,Scarborough
9023,Conlins Enclave Homes,Scarborough
9005,Courcelette Condos,Scarborough
8964,Daniels FirstHome\u2122 Markham Sheppard,Scarborough
8892,East 3220 Condos,Scarborough
8846,Elle Condos,Scarborough
8698,Garden Series Condos 2,Scarborough
8580,Highland Commons,Scarborough
8578,Highland Commons Condos 2,Scarborough
8540,Huntingdale Towns,Scarborough
41227,Inspire Modern Towns,Scarborough
6805,Kingside Residences,Scarborough
8425,KSquare Condos,Scarborough
8362,Linea Modern Condos,Scarborough
8256,Merge Condos,Scarborough
8244,MILA Towns,Scarborough
8158,Nahid on Kennedy,Scarborough
7968,Perch Condos,Scarborough
7950,Pinnacle Toronto East Condos,Scarborough
7928,Presto Towns,Scarborough
7613,SweetLife Condos + Towns,Scarborough
7584,Terrasse At The Hunt Club,Scarborough
7582,Terrasse Condos at The Hunt Club Retail,Scarborough
7547,The Bluffs,Scarborough
7541,The Borough Condos,Scarborough
7504,The Cliffton Condos,Scarborough
7442,The Garden Series On Sheppard,Scarborough
7406,The Hunt Club Residences,Scarborough
7376,The Manderley Condos,Scarborough
7354,The Narrative Condos,Scarborough
7238,The Village at Highland Creek,Scarborough
7174,Towns at Rouge Valley,Scarborough
7147,Tricycle Condos,Scarborough
7082,Upper Beach Club,Scarborough
6972,WE26,Scarborough
7178,Townmanors of Brownsville Towns,Schomberg
7141,TRIUMPH,Schomberg
8089,Oak Bay,Severn
7755,Serenity Bay Towns,Severn
9094,Carriage Ridge at Carriage Country Club,Shanty Bay
8836,Emerald Crossing Home,Shelburne
8528,Hyland Village,Shelburne
7924,Primrose Estates,Shelburne
6779,Big Sky Homes,Simcoe
8248,Midtown Towns,St. Albert
6773,88 James Condos,St. Catharines
25598,Arbour Vale Homes,St. Catharines
7660,St. Kitts Urban Towns,St. Catharines
7460,The Enclave Phase 2,St. Catharines
57192,The Harbour Club Condos,St. Catharines
9288,Ashton Meadows,Stayner
8113,Nottawasaga Station in Stayner,Stayner
7615,Sutherland Towns,Stayner
59789,Avon Park Homes,Stratford
6740,Knightsbridge Homes,Stratford
6817,Poet & Perth Townhomes,Stratford
6769,Queensland Condos,Stratford
7266,The Townes II at Deer Springs,Tecumseth
7828,Riverside Village Towns,Thamesford
56611,Freed Blue Mountain Condos,The Blue Mountains
7342,The Peaks,The Blue Mountains
35157,Artisan Ridge Homes,Thorold
8830,Empire Calderwood,Thorold
9763,1 Yorkville Condos,Toronto
9760,100 Bond Street Condos,Toronto
9758,100 Davenport Condos,Toronto
9756,101 Spadina Condos,Toronto
9748,1087 Yonge Street Condos,Toronto
9746,109OZ,Toronto
9744,1181 Queen West Condos,Toronto
9742,119 Church Street Condos,Toronto
9740,11YV Condos,Toronto
9734,123 Portland Condos,Toronto
9732,1233 Yonge Street Condos,Toronto
9730,128 Connect Condos Fairview Mall,Toronto
9728,1293 Bloor St West Condos,Toronto
9724,1303 Yonge Street Condos,Toronto
9716,145 Wellington West Condos,Toronto
9712,155 Balliol Street Condos,Toronto
9696,170 Roehampton Condos,Toronto
9692,1808 St. Clair Avenue West Retail,Toronto
9688,1837 Bayview Avenue Condos,Toronto
38022,1884 Queen Commercial Condos,Toronto
9686,1910 Yonge Street Condos,Toronto
37825,199 Church Condominiums Retail,Toronto
9682,199 Church Street Condos,Toronto
9678,2 Tecumseth Condos,Toronto
9670,200 Russell Hill Condos,Toronto
9668,2010 Yonge Street Condos,Toronto
9666,2039 Yonge Street Condos,Toronto
9664,21 Broadview Avenue Condos,Toronto
9660,214 Merton Street Condos,Toronto
9658,215 Lake Shore Blvd East Condos,Toronto
9652,2189 Lakeshore Condos,Toronto
9646,239 Dundas Street East Condos,Toronto
9642,2402 Dufferin Street Condos,Toronto
9636,2489 Dufferin Street Condos,Toronto
9634,250 Church Street Condos,Toronto
9632,250 Lawrence Condos,Toronto
9628,252 Church Condos,Toronto
9622,260 High Park Condos,Toronto
9616,28 Eastern Condos,Toronto
9612,289 Balliol Street Condos,Toronto
9608,296 King Street East Condos,Toronto
9598,3089 Danforth,Toronto
9594,316 Junction Condos,Toronto
9588,321 Davenport Condos,Toronto
9585,33 Avenue Road Condos,Toronto
9583,330 Richmond,Toronto
9581,346 Davenport Condos,Toronto
9573,354 Pape Avenue Condos,Toronto
9571,357 King West Condos,Toronto
9569,36 Birch Avenue Townhomes,Toronto
9559,399 Yonge Street Condos,Toronto
9557,400 King West Condos,Toronto
6793,41 Wabash Towns,Toronto
9555,411 King West Condos,Toronto
9553,419 College Street Condos,Toronto
9543,44 Broadway Avenue Condos,Toronto
9539,45 Balliol Street Condos,Toronto
9537,452 Bathurst Street Condos,Toronto
9535,46 Spadina Avenue Condos,Toronto
9527,485 Wellington Street West Condos,Toronto
9515,50 Merton Street Condos,Toronto
9499,543 Richmond Condos,Toronto
9495,55C Condos,Toronto
9493,57 Brock Condos,Toronto
9479,64 Bathurst Street Apartments,Toronto
9477,65 George Street Condos,Toronto
9475,685 Lake Shore Boulevard East Condos,Toronto
9473,699 Lawrence West Condos,Toronto
9469,7 On The Park Condos,Toronto
9457,75 On The Esplanade,Toronto
9454,77 Roehampton Condos,Toronto
9452,778 King Street West Condos,Toronto
9446,8 Cumberland Condos,Toronto
51382,8 Cumberland Retail,Toronto
9444,8 Elm Street Condos,Toronto
9442,8 Haus Boutique Condos,Toronto
6646,8 Temple Condos,Toronto
9440,8 Wellesley Residences,Toronto
9438,80 Bloor Street West Condos,Toronto
9422,859 West Condos,Toronto
9418,875 Queen East Condos,Toronto
9414,88 Queen Condos,Toronto
9412,88 Scott Condos,Toronto
9400,906 Yonge Street Condos,Toronto
9394,95 St Joseph Street Condos,Toronto
9374,Adagio Condos,Toronto
9365,AKRA Living Condos,Toronto
9359,ALiAS Condos,Toronto
6815,Allure Condos,Toronto
9351,Amsterdam Urban Towns,Toronto
9347,Angular Condos,Toronto
9341,ANX Condos,Toronto
9333,AQUABELLA at Bayside,Toronto
9330,Aqualina Condos at Bayside,Toronto
9328,Aqualuna Condos,Toronto
9322,AquaVista at Bayside,Toronto
9316,Arch Lofts,Toronto
9308,Art Shoppe Lofts + Condos,Toronto
9300,Artistry Condos,Toronto
9298,Artists Alley Condos,Toronto
9294,Artsy Boutique Condominiums,Toronto
9290,Artworks Condos,Toronto
9282,Auberge On the Park,Toronto
9280,Auberge On The Park Condos 2,Toronto
9268,Avenue & Park Condos,Toronto
9267,Avenue 151 Yorkville Condos,Toronto
9253,Azura Condos,Toronto
9243,Bartley Towns,Toronto
9241,Bathurst & Richmond Condos,Toronto
9239,Bauhaus Condos,Toronto
9235,Baytree Towns,Toronto
9233,Bayview at The Village,Toronto
6757,Bellwoods House Condos,Toronto
9205,Bianca Condos,Toronto
9204,Biblio Lofts,Toronto
9202,BIG King West Condos,Toronto
9200,Bijou On Bloor Condos,Toronto
6783,Birchley Park Condos,Toronto
9188,B-Line Condos,Toronto
9186,Block 13 Condos,Toronto
9176,Bloorvista At Islington Terrace,Toronto
23482,BLVD. Q Condos,Toronto
9130,BT Modern Towns Bayview Village,Toronto
9122,Burke Condos,Toronto
9106,Canary Commons,Toronto
9104,Canary House Condos,Toronto
9092,Casa 3 Condos,Toronto
9080,Celeste Condos,Toronto
9076,Central Condos,Toronto
9070,Centricity Condos,Toronto
9054,Chateau Auberge Condos,Toronto
9045,Church Wellesley Condos,Toronto
9043,Cielo Condos,Toronto
6665,Cliffside Condos,Toronto
6825,Concord Canada House Condos,Toronto
9025,Concord Sky Condos,Toronto
8999,Craft Residences,Toronto
6630,Craigleith Ridge Homes,Toronto
8989,Crest at Crosstown,Toronto
8979,Curio Condos,Toronto
8977,Cypress Condos Pinnacle Etobicoke,Toronto
8971,Daniels Dueast Condos,Toronto
8962,Daniels Keelesdale 3 Condos,Toronto
8954,Daniels on Parliament Condos,Toronto
8950,Danny Danforth Condos,Toronto
8948,Dawes Condos,Toronto
8906,Dundas Square Gardens Condos,Toronto
8898,E2 Condos,Toronto
8890,East 55 Condos,Toronto
8888,East Junction Condos,Toronto
8887,East Pointe Condominiums,Toronto
8866,Eight Forty Condos,Toronto
8862,Elektra Condos,Toronto
8858,Elevate Towns,Toronto
8856,Eleven Altamont Towns,Toronto
8820,Empire Maven Condos,Toronto
8818,Empire Maverick Condos,Toronto
8816,Empire Midtown,Toronto
8810,Empire Quay House Condos,Toronto
8804,Encore District Condos,Toronto
8774,Express Condos,Toronto
8768,Fairfield Towns,Toronto
8758,Field House Towns,Toronto
8752,Fleur Condos,Toronto
8747,Forest Hill Private Residences,Toronto
8743,Foret Condos,Toronto
8741,FORMA Condos,Toronto
8737,Fortune at Fort York Condos,Toronto
8735,Four Me Condos,Toronto
52781,Freed Hotel & Residences Condos,Toronto
8715,Galleria 3 Condos,Toronto
8709,Galleria on the Park 2,Toronto
8707,Galleria on the Park Condos,Toronto
8694,Geary Factory Lofts,Toronto
8688,George Condos & Towns,Toronto
8656,Grain Lofts,Toronto
8628,Halo Residences on Yonge,Toronto
8612,Harris Square Condos,Toronto
8602,Heartwood The Beach,Toronto
8576,Highlights Condos and Towns,Toronto
8568,Hillhurst Towns,Toronto
8556,Home Power Adelaide Condos,Toronto
8546,House of Assembly Condo,Toronto
8530,Hyde Park Towns,Toronto
8522,in.DE Condos,Toronto
8928,Islington Village Towns,Toronto
8504,JAC Condos,Toronto
8500,Jade Waterfront Condos,Toronto
8498,James Condos,Toronto
25621,Joya Condos,Toronto
8489,Junction House Condos,Toronto
8485,Junction Square Condos,Toronto
8483,Kazmir Condos,Toronto
8481,Keewatin Towns,Toronto
8451,King\u2019s Landing Condos,Toronto
8449,Kingly Condos,Toronto
8437,Kingsway by the River,Toronto
8435,Kingsway Crescent Condos,Toronto
8414,Lakeside Condos West Tower,Toronto
8396,Lambton Towns,Toronto
8384,Leaside Common Condos,Toronto
8382,Leaside Manor,Toronto
8380,LeftBank Condos,Toronto
8372,Liberty Market Tower Condos,Toronto
8364,Line 5 Condos,Toronto
36499,Line 5 Condos South Tower,Toronto
29274,Marquette Urban Towns,Toronto
8272,Max Condos,Toronto
8260,ME 2 Condos,Toronto
8246,Midtowns On The Subway,Toronto
8242,Milan Condos,Toronto
8227,Minto Westside,Toronto
8225,Minto Yorkville Park,Toronto
8221,Mirabella Luxury Condos,Toronto
8199,Monde Condos,Toronto
8189,Monza Condos,Toronto
8184,Motto Condos,Toronto
8176,MRKT Alexandra Park Condos,Toronto
8164,N55 Mercer Condos,Toronto
8160,Nahid on Broadview,Toronto
8154,Natasha The Residences,Toronto
8142,No. 31 Condos,Toronto
8140,No. 7 Rosedale Condos,Toronto
8129,Nordic Condos,Toronto
8109,Notting Hill Condos 2,Toronto
8105,Nova Urban Towns,Toronto
8051,One Bloor,Toronto
8047,One Delisle Condos,Toronto
8045,One Forest Hill Condos,Toronto
49011,One Roxborough West Condos,Toronto
37729,One Ten Avenue Road Condos,Toronto
8023,Oscar Residences,Toronto
8015,Panda Condos,Toronto
8004,Parfait At Atria,Toronto
6656,Park Road Condos,Toronto
7986,Parkside Towns at Saturday,Toronto
7981,Parliament & Co Retails,Toronto
7962,Peter & Adelaide Retail,Toronto
7960,Peter Street,Toronto
7958,Piano Towns,Toronto
7954,Pier 27 Condos,Toronto
7952,Pier 27 Phase 3,Toronto
7948,Platform Condos,Toronto
7945,Plaza Midtown Condos,Toronto
7940,Poet Condos,Toronto
7926,Prime Condos,Toronto
25312,Privilla Condos,Toronto
7912,Queen & Ashbridge Condos,Toronto
7910,Queen Central Condominiums,Toronto
7908,Queen Church Condos,Toronto
7902,Queensview At Backyard Condos,Toronto
6710,Raglan House Condos,Toronto
6652,Reside on Richmond Condos,Toronto
6787,Residences at Bluffers Park Condos,Toronto
7866,Reunion Crossing Condo,Toronto
7846,River and Dundas Condos,Toronto
7844,River and Fifth Condos,Toronto
7776,Saturday in Downsview Park Condos 2,Toronto
7772,Savile on the Roe,Toronto
7766,SCOUT Condos,Toronto
7762,Seasons Villas Condos Phase 2,Toronto
7756,Selene at Metrogate Condos,Toronto
7729,Sixty Five Broadway Condos,Toronto
7725,SkyTower at One Yonge Condos,Toronto
7711,Social Condos,Toronto
7701,Sonic & Supersonic Condos,Toronto
7691,South Forest Hill Residences,Toronto
7677,Spirits Condos,Toronto
7666,SQ2 at Alexandra Park,Toronto
7658,St. Regis Residences,Toronto
7657,Stanley Condos,Toronto
7645,Stockyards District Residences,Toronto
7643,Stockyards District Residences Retails,Toronto
7633,Studio 2 on Richmond,Toronto
7629,Sugar Wharf Condos,Toronto
7623,Sunday School Lofts,Toronto
7590,Ten York Condos,Toronto
7578,The 2800 Condos,Toronto
6797,The 9Hundred Condos,Toronto
7562,The Bartholomew Condos,Toronto
7560,The Bedford Condos,Toronto
7535,The Bread Company Condos,Toronto
7521,The Capitol Residences,Toronto
7519,The Carvalo on College,Toronto
7513,The Chaplin,Toronto
7511,The Charles at Church,Toronto
6690,The Citadel Condos,Toronto
7486,The Davies Condos,Toronto
7482,The Davisville Condos,Toronto
7476,The Diamond Condominiums on Yonge,Toronto
7472,The Dupont Condos,Toronto
7468,The Eglinton Condos,Toronto
7458,The Essery Condos,Toronto
7454,The Forest Hill Condos,Toronto
7446,The Frederick Condos,Toronto
7444,The Garden District Condos,Toronto
7434,The Georgian Residences,Toronto
7430,The Gloucester Medical Centre,Toronto
7428,The Gloucester on Yonge,Toronto
7426,The Goode Condos,Toronto
7420,The Grove Condos,Toronto
28725,The Hill Residences Condos,Toronto
7408,The Humber Condos,Toronto
7404,The Jack Condos,Toronto
7402,The Jackson Towns,Toronto
7392,The LakeFront,Toronto
7390,The LakeShore Condo,Toronto
6738,The Leaside Condos,Toronto
6667,The Lofthouse Condos,Toronto
7384,The Logan Residences,Toronto
7382,The Loop Urban Towns,Toronto
7352,The New Lawrence Heights Town,Toronto
7346,The One Bloor West,Toronto
7344,The Peak At Emerland City,Toronto
7340,The Pemberton 33 Yorkville Condos,Toronto
7338,The Perry Condos,Toronto
7336,The Plant Condos,Toronto
7328,The Prestige Condos at Pinnacle One Yonge,Toronto
7318,The Reserve Collection,Toronto
7306,The Rhodes,Toronto
23358,The Riv Condos,Toronto
7302,The Roncy Condos,Toronto
7298,The Rosedale on Bloor Condos,Toronto
7292,The Saint Condos,Toronto
7280,The Stockton Condos,Toronto
7276,The Sutton Collection,Toronto
51470,The Towns of Lambton Mills,Toronto
7252,The Twelve Hundred,Toronto
7248,The United BLDG Condos,Toronto
7236,The Village Residences,Toronto
7222,The Well Condos,Toronto
7220,The Well Condos 3,Toronto
7215,The Westmount Boutique Residences,Toronto
7213,The Whitfield Condos,Toronto
7209,The Winslow Condos,Toronto
48093,The Winston Collection Townhomes,Toronto
7205,The Wyatt Condos,Toronto
7203,Theatre District Tower,Toronto
7199,Theory Condos,Toronto
7197,Thirty Six Zorra Condo,Toronto
7191,Time and Space Condos,Toronto
7188,Totem Condos,Toronto
7182,Tower III Crosstown,Toronto
7151,Tretti Condos,Toronto
7131,Twenty Lombard,Toronto
7088,Untitled Toronto Condos,Toronto
7086,UOVO BOUTIQUE CONDOS,Toronto
7022,Via Bloor Condos,Toronto
7014,Victory Silo Condos,Toronto
7012,Vida Condos at Bayview Village,Toronto
7000,Vita on the Lake Condos,Toronto
6996,VIVO Condos,Toronto
6974,Waterworks Condos,Toronto
6958,WestBeach Condominiums,Toronto
6956,Westbend Residences,Toronto
6624,Westbrant heights Towns,Toronto
6946,Westlake Encore Condos,Toronto
6944,WestLine Condos,Toronto
6930,Whitehaus Condos,Toronto
6914,Wonder Condos,Toronto
6894,XO Condos,Toronto
6892,XO Condos 2,Toronto
6890,Y&S Condos,Toronto
6880,Yonge & Birch Condos,Toronto
6878,Yonge + Rich Condos,Toronto
6876,Yonge and Wellesley Offices,Toronto
6874,Yonge At Wellesley Station Condos,Toronto
6866,Yorkville Plaza Condominiums,Toronto
6864,Yorkville Private Estates,Toronto
6854,Zen King West Condos,Toronto
9007,Countryside Pointe,Uxbridge
8193,Montgomery Meadows,Uxbridge
7914,Q1 Condos,Uxbridge
6900,Wyldwood Trail Towns,Uxbridge
9694,180 Steeles Avenue West Condos,Vaughan
9450,7800 Jane Street Condos,Vaughan
9416,88 Nashville Townhomes,Vaughan
9390,9560 Islington Urban Towns,Vaughan
9384,Abeja District Condos,Vaughan
9382,Abeja District Condos 3,Vaughan
9314,Archetto Woodbridge Towns,Vaughan
9292,ArtWalk Condos,Vaughan
6696,Atelier Park Condos,Vaughan
9164,Boulevard Condos Thornhill,Vaughan
9162,Boutik Condominium,Vaughan
9154,Bravo Condos,Vaughan
9058,Charisma Condos,Vaughan
9056,Charisma Condos 2,Vaughan
9017,Copperwood Kleinburg,Vaughan
8908,Dufferin Vistas,Vaughan
56845,Dufferin Vistas Homes Phase 2,Vaughan
8864,Elegance Luxury Residences,Vaughan
61708,Encore at Bravo Condos,Vaughan
8786,Evoke Modern Towns,Vaughan
8772,Faberge Collection,Vaughan
8762,Festival Condos,Vaughan
8756,Fifth at Charisma Condos,Vaughan
8662,GO.2 Condos,Vaughan
8650,Grand Festival,Vaughan
8632,Groove Urban Condos,Vaughan
8596,Heritage Village Towns,Vaughan
8572,Highway 7 & Jane Condos,Vaughan
8566,Hillmont at SXSW,Vaughan
8564,Hillmont at SXSW Final Tower,Vaughan
8431,Klein Estates,Vaughan
59767,Klein Estates Townhomes,Vaughan
8429,Kleinburg Crown Estates,Vaughan
8427,Kleinburg Summit,Vaughan
8326,M2 Towns,Vaughan
8280,Marquis Condos,Vaughan
8262,McMichael Estates,Vaughan
8217,Mobilio Condo,Vaughan
8215,Mobilio Condos South Tower,Vaughan
8213,Mobilio Towns,Vaughan
8135,Nord Condos,Vaughan
8133,Nord East at Expo City,Vaughan
8131,Nord Expo 4 Condos,Vaughan
8000,Park Avenue Place Condos,Vaughan
7996,Park Place Condos,Vaughan
60066,Pine Valley Homes,Vaughan
7936,Port Royal Collection at Kleinburg Crown,Vaughan
7922,Promenade Park Condos,Vaughan
7920,Promenade Park Towers 2,Vaughan
7888,Ravines of Islington Encore,Vaughan
7874,Renaissance Townes,Vaughan
7818,Rosepark Townhomes,Vaughan
30861,SXSW Condos 2,Vaughan
7611,SXSW Towns,Vaughan
7603,TC Towns,Vaughan
7564,The Arthur Towns,Vaughan
7502,The Collection Towns,Vaughan
7488,The Daniels Beverley Condos,Vaughan
7462,The Enclave on Nashville,Vaughan
7380,THE MACK TOWNS,Vaughan
7378,The Mackenzie Condos,Vaughan
7300,The Rose Hill Condos,Vaughan
7272,The Tesoro Collection,Vaughan
7268,The Thornhill Condos,Vaughan
7260,The Towns of Rutherford Heights,Vaughan
7161,Transit City 4 Condos,Vaughan
7159,Transit City 5 Condo,Vaughan
7113,Ultra Towns,Vaughan
7052,URBAN TOWNS IN UPPER THORNHILL WOODS,Vaughan
58504,V City Condos,Vaughan
7008,Vincent Condos,Vaughan
6912,Woodbridge Park,Vaughan
6902,WYCLIFFE PROMENADE,Vaughan
7743,Shoreline Point Homes,Wasaga Beach
7647,Sterling Estates,Wasaga Beach
6984,Wasaga Beach Lux Condos,Wasaga Beach
8180,Mountainview Heights,Waterdown
8178,Mountainview Heights Phase 2,Waterdown
9361,Albert Street Students House,Waterloo
6789,Flex Condos,Waterloo
8340,Louie Condos,Waterloo
8209,Moda Condos,Waterloo
8041,ONE28 King Street Condos,Waterloo
7788,Sage X Condos,Waterloo
7668,Spur Line Common,Waterloo
7639,Strata Condos,Waterloo
7617,Sunview Suites Condos,Waterloo
7549,The Block Condos,Waterloo
6663,The Jake Condos,Waterloo
7165,Trailside Towns,Waterloo
7006,Vista Hills Towns,Waterloo
59827,Canal Water Views Homes,Welland
8828,Empire Canals Towns,Welland
56766,Empire Legacy Homes,Welland
58655,Harvest Oak Homes,Welland
7794,Saffron Estates Towns,Welland
7334,The Point,Welland
7064,Upper Vista Welland,Welland
9138,Brooklin Corners Phase 2 Townhomes,Whitby
9136,Brooklin Heights,Whitby
6673,Brooklin Towns,Whitby
9052,Chelsea Hill Homes,Whitby
30068,Folkstone Towns,Whitby
8731,Four Sixteen Whitby Condos,Whitby
8721,Fresh Urban Towns,Whitby
8622,Harbour Ten10 Condo,Whitby
61976,Hello Brooklin Homes,Whitby
8590,Hiddenbrook Towns,Whitby
8582,Highcrest Whitby Shores,Whitby
8550,Horizons Modern Towns,Whitby
8101,Now Condos,Whitby
8099,Now Towns,Whitby
7814,Rossmont Green Condos,Whitby
7812,Rossmont Green Condos 2,Whitby
7733,Sincerely Acorn Towns,Whitby
7655,Station No. 3 Condos,Whitby
47943,Station No. 3 Retail,Whitby
36320,The Attersley Homes,Whitby
7386,The Landing Condos,Whitby
7256,The Trails of Country Lane,Whitby
7228,The W Condos,Whitby
7228,The W Condos,Whitby
7020,Victoria Crossing Industrial Condos,Whitby
6934,Whitby Meadows,Whitby
55937,Whitby Meadows Homes,Whitby
31323,Whitby Meadows Towns,Whitby
59777,ZancorBrooklin Homes,Whitby
9388,9th & Main Condos,Whitchurch-Stouffville
9251,Baker Hill Towns,Whitchurch-Stouffville
9037,Cityside Towns,Whitchurch-Stouffville
8840,Elm & Co. Towns,Whitchurch-Stouffville
8493,Joy Square Towns,Whitchurch-Stouffville
8312,Main & Co. Townhomes,Whitchurch-Stouffville
7163,Trailways,Whitchurch-Stouffville
6970,Wedgewood,Whitchurch-Stouffville
58600,Heartwood Homes,Woodstock
